USE DB_INFINITY_SCHOOL;

-- ============================================================
-- 1. PESSOA
-- ============================================================

select count(*) from tb_pessoa;

INSERT INTO tb_pessoa 
(pk_cpf, primeiro_nome, sobrenome, data_nasc, genero, deficiencia, etnia)
VALUES
('11111111111', 'Ana', 'Silva', '2005-03-12', 'Feminino', 'Nenhuma', 'Parda'),
('22222222222', 'Bruno', 'Souza', '2004-07-25', 'Masculino', 'Nenhuma', 'Branca'),
('33333333333', 'Carla', 'Oliveira', '2006-01-18', 'Feminino', 'Nenhuma', 'Preta'),
('44444444444', 'Diego', 'Santos', '2003-11-09', 'Masculino', 'Nenhuma', 'Parda'),
('55555555555', 'Eduarda', 'Lima', '2005-05-30', 'Feminino', 'Nenhuma', 'Branca'),
('66666666666', 'Felipe', 'Costa', '1985-02-14', 'Masculino', 'Nenhuma', 'Parda'),
('77777777777', 'Gabriela', 'Mendes', '1990-08-21', 'Feminino', 'Nenhuma', 'Branca'),
('88888888888', 'Henrique', 'Rocha', '1982-12-03', 'Masculino', 'Nenhuma', 'Preta'),
('99999999999', 'Isabela', 'Ferreira', '1995-04-19', 'Feminino', 'Nenhuma', 'Parda'),
('10101010101', 'Joao', 'Almeida', '1988-09-10', 'Masculino', 'Nenhuma', 'Branca'),
('12121212121', 'Lucas', 'Pereira', '1997-06-15', 'Masculino', 'Nenhuma', 'Parda'),
('13131313131', 'Mariana', 'Gomes', '1993-10-22', 'Feminino', 'Nenhuma', 'Branca'),

('14141414141', 'Rafael', 'Martins', '2002-02-11', 'Masculino', 'Nenhuma', 'Branca'),
('15151515151', 'Beatriz', 'Nunes', '2007-09-05', 'Feminino', 'Visual', 'Parda'),
('16161616161', 'Caio', 'Ribeiro', '2001-12-20', 'Masculino', 'Nenhuma', 'Preta'),
('17171717171', 'Larissa', 'Cardoso', '2006-04-14', 'Feminino', 'Nenhuma', 'Branca'),
('18181818181', 'Pedro', 'Moraes', '2004-08-30', 'Masculino', 'Auditiva', 'Parda'),
('19191919191', 'Camila', 'Barbosa', '1987-06-18', 'Feminino', 'Nenhuma', 'Branca'),
('20202020202', 'Ricardo', 'Teixeira', '1981-01-25', 'Masculino', 'Nenhuma', 'Parda'),
('21212121212', 'Patricia', 'Lopes', '1992-03-09', 'Feminino', 'Nenhuma', 'Preta'),
('23232323232', 'Sofia', 'Araujo', '2005-11-11', 'Feminino', 'Nenhuma', 'Amarela'),
('24242424242', 'Gustavo', 'Melo', '2003-07-07', 'Masculino', 'Nenhuma', 'Branca'),
('25252525252', 'Helena', 'Dias', '2008-01-19', 'Feminino', 'Nenhuma', 'Parda'),
('26262626262', 'Murilo', 'Castro', '2002-10-28', 'Masculino', 'Nenhuma', 'Branca'),
('27272727272', 'Vitoria', 'Campos', '2006-12-02', 'Feminino', 'Motora', 'Preta'),
('28282828282', 'Marcelo', 'Freitas', '1984-05-03', 'Masculino', 'Nenhuma', 'Branca'),
('29292929292', 'Renata', 'Moreira', '1991-08-17', 'Feminino', 'Nenhuma', 'Parda'),
('30303030303', 'Andre', 'Batista', '1989-09-23', 'Masculino', 'Nenhuma', 'Preta'),
('31313131313', 'Vanessa', 'Pinto', '1986-02-27', 'Feminino', 'Nenhuma', 'Branca'),
('32323232323', 'Marcos', 'Vieira', '1979-07-12', 'Masculino', 'Nenhuma', 'Parda'),
('34343434343', 'Tatiane', 'Correia', '1994-03-16', 'Feminino', 'Nenhuma', 'Branca');

-- ============================================================
-- 2. EMAIL
-- ============================================================

select count(*) from tb_email;

INSERT INTO tb_email (pk_email) VALUES
('ana.silva@email.com'), ('bruno.souza@email.com'), ('carla.oliveira@email.com'),
('diego.santos@email.com'), ('eduarda.lima@email.com'), ('felipe.costa@email.com'),
('gabriela.mendes@email.com'), ('henrique.rocha@email.com'), ('isabela.ferreira@email.com'),
('joao.almeida@email.com'), ('lucas.pereira@email.com'), ('mariana.gomes@email.com'),
('rafael.martins@email.com'), ('beatriz.nunes@email.com'), ('caio.ribeiro@email.com'),
('larissa.cardoso@email.com'), ('pedro.moraes@email.com'), ('camila.barbosa@infinity.com'),
('ricardo.teixeira@infinity.com'), ('patricia.lopes@infinity.com'), ('sofia.araujo@email.com'),
('gustavo.melo@email.com'), ('helena.dias@email.com'), ('murilo.castro@email.com'),
('vitoria.campos@email.com'), ('marcelo.freitas@infinity.com'), ('renata.moreira@infinity.com'),
('andre.batista@infinity.com'), ('vanessa.pinto@servicos.com'), ('marcos.vieira@servicos.com'),
('tatiane.correia@servicos.com'),

('contato@techsolucoes.com'),
('vendas@moveisescola.com'),
('atendimento@infobrasil.com'),
('financeiro@softwareprime.com'),
('vendas@escritoriototal.com'),
('contato@graficarapida.com');

-- ============================================================
-- 3. TELEFONE
-- ============================================================

select count(*) from tb_telefone;

INSERT INTO tb_telefone (pk_num_pais, pk_ddd, pk_numero) VALUES
('55', '11', '999991111'), ('55', '11', '999992222'), ('55', '11', '999993333'),
('55', '11', '999994444'), ('55', '11', '999995555'), ('55', '11', '988886666'),
('55', '11', '988887777'), ('55', '11', '988888888'), ('55', '11', '988889999'),
('55', '11', '977771010'), ('55', '11', '966661414'), ('55', '11', '966661515'),
('55', '11', '966661616'), ('55', '11', '966661717'), ('55', '11', '966661818'),
('55', '11', '955551919'), ('55', '11', '955552020'), ('55', '11', '955552121'),
('55', '11', '944442323'), ('55', '11', '944442424'), ('55', '11', '933332525'),
('55', '11', '933332626'), ('55', '11', '933332727'), ('55', '11', '922222828'),
('55', '11', '922222929'), ('55', '11', '922223030'), ('55', '11', '911113131'),
('55', '11', '911113232'), ('55', '11', '911113434'),

('55', '11', '999990000'),
('55', '11', '988880000'),
('55', '11', '977770000'),
('55', '11', '966660000'),
('55', '11', '955550000'),
('55', '11', '944440000');

-- ============================================================
-- 4. ENDERECO
-- ============================================================

select count(*) from tb_endereco;

INSERT INTO tb_endereco
(pk_cep, pk_numero, complemento)
VALUES
('08710000', 100, 'Casa'),
('08720000', 250, 'Apto 12'),
('08730000', 300, NULL),
('08740000', 450, 'Fundos'),
('08750000', 520, NULL),
('08760000', 80, 'Bloco B'),
('08770000', 700, 'Casa'),
('08780000', 810, 'Apto 21'),
('08790000', 920, NULL),
('08800000', 150, 'Bloco C'),
('08810000', 75, NULL),
('08820000', 640, 'Casa 2'),
('08830000', 330, 'Apto 31'),
('08840000', 410, NULL),
('08850000', 999, 'Fundos');

-- ============================================================
-- 5. PESSOA_EMAIL
-- ============================================================

select count(*) from tb_pessoa_email;

INSERT INTO tb_pessoa_email (pk_fk_email, pk_fk_cpf) VALUES
('ana.silva@email.com', '11111111111'),
('bruno.souza@email.com', '22222222222'),
('carla.oliveira@email.com', '33333333333'),
('diego.santos@email.com', '44444444444'),
('eduarda.lima@email.com', '55555555555'),
('felipe.costa@email.com', '66666666666'),
('gabriela.mendes@email.com', '77777777777'),
('henrique.rocha@email.com', '88888888888'),
('isabela.ferreira@email.com', '99999999999'),
('joao.almeida@email.com', '10101010101'),
('lucas.pereira@email.com', '12121212121'),
('mariana.gomes@email.com', '13131313131'),
('rafael.martins@email.com', '14141414141'),
('beatriz.nunes@email.com', '15151515151'),
('caio.ribeiro@email.com', '16161616161'),
('larissa.cardoso@email.com', '17171717171'),
('pedro.moraes@email.com', '18181818181'),
('camila.barbosa@infinity.com', '19191919191'),
('ricardo.teixeira@infinity.com', '20202020202'),
('patricia.lopes@infinity.com', '21212121212'),
('sofia.araujo@email.com', '23232323232'),
('gustavo.melo@email.com', '24242424242'),
('helena.dias@email.com', '25252525252'),
('murilo.castro@email.com', '26262626262'),
('vitoria.campos@email.com', '27272727272'),
('marcelo.freitas@infinity.com', '28282828282'),
('renata.moreira@infinity.com', '29292929292'),
('andre.batista@infinity.com', '30303030303'),
('vanessa.pinto@servicos.com', '31313131313'),
('marcos.vieira@servicos.com', '32323232323'),
('tatiane.correia@servicos.com', '34343434343');

-- ============================================================
-- 6. PESSOA_TELEFONE
-- ============================================================

select count(*) from tb_pessoa_telefone;

INSERT INTO tb_pessoa_telefone (pk_fk_cpf, pk_fk_num_pais, pk_fk_ddd, pk_fk_numero) VALUES
('11111111111', '55', '11', '999991111'),
('22222222222', '55', '11', '999992222'),
('33333333333', '55', '11', '999993333'),
('44444444444', '55', '11', '999994444'),
('55555555555', '55', '11', '999995555'),
('66666666666', '55', '11', '988886666'),
('77777777777', '55', '11', '988887777'),
('88888888888', '55', '11', '988888888'),
('99999999999', '55', '11', '988889999'),
('10101010101', '55', '11', '977771010'),
('14141414141', '55', '11', '966661414'),
('15151515151', '55', '11', '966661515'),
('16161616161', '55', '11', '966661616'),
('17171717171', '55', '11', '966661717'),
('18181818181', '55', '11', '966661818'),
('19191919191', '55', '11', '955551919'),
('20202020202', '55', '11', '955552020'),
('21212121212', '55', '11', '955552121'),
('23232323232', '55', '11', '944442323'),
('24242424242', '55', '11', '944442424'),
('25252525252', '55', '11', '933332525'),
('26262626262', '55', '11', '933332626'),
('27272727272', '55', '11', '933332727'),
('28282828282', '55', '11', '922222828'),
('29292929292', '55', '11', '922222929'),
('30303030303', '55', '11', '922223030'),
('31313131313', '55', '11', '911113131'),
('32323232323', '55', '11', '911113232'),
('34343434343', '55', '11', '911113434');

-- ============================================================
-- 7. PESSOA_ENDERECO
-- ============================================================

select count(*) from tb_pessoa_endereco;

INSERT INTO tb_pessoa_endereco
(pk_fk_cpf, pk_fk_cep, pk_fk_numero)
VALUES
('11111111111', '08710000', 100),
('22222222222', '08720000', 250),
('33333333333', '08730000', 300),
('44444444444', '08740000', 450),
('55555555555', '08750000', 520),
('66666666666', '08760000', 80),
('77777777777', '08710000', 100),
('88888888888', '08720000', 250),
('99999999999', '08730000', 300),
('10101010101', '08740000', 450),

('14141414141', '08770000', 700),
('15151515151', '08780000', 810),
('16161616161', '08790000', 920),
('17171717171', '08800000', 150),
('18181818181', '08810000', 75),
('19191919191', '08780000', 810),
('20202020202', '08790000', 920),
('21212121212', '08800000', 150),
('23232323232', '08820000', 640),
('24242424242', '08830000', 330),
('25252525252', '08840000', 410),
('26262626262', '08850000', 999),
('27272727272', '08770000', 700),
('28282828282', '08810000', 75),
('29292929292', '08820000', 640),
('30303030303', '08830000', 330),
('31313131313', '08840000', 410),
('32323232323', '08850000', 999),
('34343434343', '08770000', 700);

-- ============================================================
-- 8. FORMACAO
-- ============================================================

select count(*) from tb_formacao;

INSERT INTO tb_formacao
(nome_formacao)
VALUES
('Analise e Desenvolvimento de Sistemas'),
('Ciencia da Computacao'),
('Pedagogia'),
('Administracao'),
('Sistemas de Informacao'),
('Engenharia de Software'),
('Banco de Dados'),
('Design Instrucional'),
('Marketing e Comunicacao'),
('Gestao Financeira');

-- ============================================================
-- 9. DEPARTAMENTO
-- ============================================================

select count(*) from tb_departamento;

INSERT INTO tb_departamento
(pk_id_departamento, departamento)
VALUES
(1, 'Direção'),
(2, 'Coordenação'),
(3, 'Secretaria_ADM'),
(4, 'Financeiro'),
(5, 'Zeladoria'),
(6, 'Inspetoria_Segurança'),
(7, 'Biblioteca'),
(8, 'Recursos_Humanos');

-- ============================================================
-- 10. CARGO
-- ============================================================

select count(*) from tb_cargo;

INSERT INTO tb_cargo
(nome_cargo)
VALUES
('Professor'),
('Coordenador'),
('Secretario'),
('Analista Financeiro'),
('Auxiliar de Limpeza'),
('Inspetor'),
('Bibliotecario'),
('Analista de RH');

-- ============================================================
-- 11. CARGO_DEPARTAMENTO
-- ============================================================

select count(*) from tb_cargo_departamento;

INSERT INTO tb_cargo_departamento
(pk_fk_id_cargo, pk_fk_id_departamento)
VALUES
(1, 2),
(2, 2),
(3, 3),
(4, 4),
(5, 5),
(6, 6),
(7, 7),
(8, 8);

-- ============================================================
-- 12. FUNCIONARIO
-- ============================================================

select count(*) from tb_funcionario;

INSERT INTO tb_funcionario
(pk_n_contratacao, fk_cpf, status_funcionario, dt_admissao, dt_desligamento)
VALUES
(1001, '66666666666', 'Ativado', '2022-02-01', NULL),
(1002, '77777777777', 'Ativado', '2021-08-10', NULL),
(1003, '88888888888', 'Ativado', '2020-03-15', NULL),
(1004, '99999999999', 'Ativado', '2023-01-20', NULL),
(1005, '10101010101', 'Desativado', '2019-05-05', '2024-12-20'),
(1006, '12121212121', 'Ativado', '2024-02-12', NULL),
(1007, '13131313131', 'Ativado', '2022-09-01', NULL),
(1008, '19191919191', 'Ativado', '2023-07-01', NULL),
(1009, '20202020202', 'Ativado', '2022-04-11', NULL),
(1010, '21212121212', 'Ativado', '2024-01-08', NULL),
(1011, '28282828282', 'Ativado', '2021-03-14', NULL),
(1012, '29292929292', 'Ativado', '2023-10-02', NULL),
(1013, '30303030303', 'Desativado', '2020-02-01', '2025-02-15');

-- ============================================================
-- 13. FUNC_CARGO
-- ============================================================

select count(*) from tb_func_cargo;

INSERT INTO tb_func_cargo
(pk_fk_n_contratacao, pk_fk_id_cargo, pk_fk_id_departamento, pk_data_inicio, data_fim)
VALUES
(1001, 1, 2, '2022-02-01', NULL),
(1002, 2, 2, '2021-08-10', NULL),
(1003, 4, 4, '2020-03-15', NULL),
(1004, 3, 3, '2023-01-20', NULL),
(1005, 6, 6, '2019-05-05', '2024-12-20'),
(1006, 7, 7, '2024-02-12', NULL),
(1007, 8, 8, '2022-09-01', NULL),
(1008, 1, 2, '2023-07-01', NULL),
(1009, 1, 2, '2022-04-11', NULL),
(1010, 4, 4, '2024-01-08', NULL),
(1011, 1, 2, '2021-03-14', NULL),
(1012, 3, 3, '2023-10-02', NULL),
(1013, 5, 5, '2020-02-01', '2025-02-15');

-- ============================================================
-- 14. DOCENTE_DETALHES
-- ============================================================

select count(*) from tb_docente_detalhes;

INSERT INTO tb_docente_detalhes
(pk_fk_n_contratacao, categoria_docente, fk_id_formacao)
VALUES
(1001, 'Instrutor Principal', 1),
(1008, 'Instrutor Assistente', 2),
(1009, 'Instrutor Senior', 5),
(1011, 'Instrutor Especialista', 6);

-- ============================================================
-- 15. FERIAS
-- ============================================================

select count(*) from tb_ferias;

INSERT INTO tb_ferias
(fk_n_contratacao, dias_ferias, data_inicio, data_fim, status_ferias)
VALUES
(1001, 30, '2025-01-10', '2025-02-08', 'Concluida'),
(1002, 15, '2025-07-01', '2025-07-15', 'Agendada'),
(1003, 20, '2025-03-05', '2025-03-24', 'Concluida'),
(1004, 10, '2025-09-10', '2025-09-19', 'Agendada'),
(1006, 30, '2025-12-01', '2025-12-30', 'Agendada'),
(1008, 15, '2025-08-01', '2025-08-15', 'Agendada'),
(1009, 20, '2025-10-05', '2025-10-24', 'Agendada'),
(1010, 10, '2025-06-10', '2025-06-19', 'Concluida'),
(1011, 30, '2025-11-01', '2025-11-30', 'Agendada'),
(1012, 15, '2025-12-05', '2025-12-19', 'Agendada'),
(1013, 20, '2024-08-01', '2024-08-20', 'Concluida');

-- ============================================================
-- 16. PONTO
-- ============================================================

select count(*) from tb_ponto;

INSERT INTO tb_ponto
(fk_n_contratacao, `data`, hora_entrada, hora_saida)
VALUES
(1001, '2025-05-01', '08:00:00', '17:00:00'),
(1002, '2025-05-01', '08:30:00', '17:30:00'),
(1003, '2025-05-01', '09:00:00', '18:00:00'),
(1004, '2025-05-01', '08:00:00', '17:00:00'),
(1006, '2025-05-01', '10:00:00', '19:00:00'),
(1007, '2025-05-01', '08:00:00', NULL),

(1001, '2025-05-02', '08:00:00', '17:00:00'),
(1002, '2025-05-02', '08:30:00', '17:30:00'),
(1003, '2025-05-02', '09:00:00', '18:00:00'),
(1004, '2025-05-02', '08:00:00', '17:00:00'),
(1006, '2025-05-02', '10:00:00', '19:00:00'),
(1007, '2025-05-02', '08:00:00', NULL),
(1008, '2025-05-02', '13:00:00', '22:00:00'),
(1009, '2025-05-02', '18:00:00', '22:00:00'),
(1010, '2025-05-02', '09:00:00', NULL),
(1011, '2025-05-02', '07:30:00', '16:30:00'),
(1012, '2025-05-02', '08:15:00', '17:15:00'),

(1001, '2025-05-03', '08:00:00', '17:00:00'),
(1002, '2025-05-03', '08:30:00', '17:30:00'),
(1008, '2025-05-03', '13:00:00', '22:00:00'),
(1009, '2025-05-03', '18:00:00', '22:00:00'),
(1011, '2025-05-03', '07:30:00', '16:30:00');

-- ============================================================
-- 17. FOLHA_PAGAMENTO
-- ============================================================

select count(*) from tb_folha_pagamento;

INSERT INTO tb_folha_pagamento
(pk_id_folha, fk_n_contratacao, salario_base, data_pagamento)
VALUES
(1, 1001, 4500.00, '2025-05-05'),
(2, 1002, 5200.00, '2025-05-05'),
(3, 1003, 3800.00, '2025-05-05'),
(4, 1004, 3000.00, '2025-05-05'),
(5, 1006, 2800.00, '2025-05-05'),
(6, 1007, 3500.00, '2025-05-05'),
(7, 1008, 4200.00, '2025-05-05'),
(8, 1009, 6100.00, '2025-05-05'),
(9, 1010, 3900.00, '2025-05-05'),
(10, 1011, 5800.00, '2025-05-05'),
(11, 1012, 3100.00, '2025-05-05'),

(12, 1001, 4600.00, '2025-06-05'),
(13, 1002, 5300.00, '2025-06-05'),
(14, 1008, 4200.00, '2025-06-05'),
(15, 1009, 6100.00, '2025-06-05'),
(16, 1011, 5800.00, '2025-06-05'),
(17, 1012, 3100.00, '2025-06-05');

-- ============================================================
-- 18. HISTORICO_PAGAMENTO
-- ============================================================

select count(*) from tb_historico_pagamento;

INSERT INTO tb_historico_pagamento
(fk_n_contratacao, salario_atual, data_alteracao)
VALUES
(1001, 4500.00, '2025-01-01'),
(1002, 5200.00, '2025-01-01'),
(1003, 3800.00, '2025-01-01'),
(1004, 3000.00, '2025-01-01'),
(1006, 2800.00, '2025-01-01'),
(1007, 3500.00, '2025-01-01'),
(1001, 4600.00, '2025-06-01'),
(1002, 5300.00, '2025-06-01'),
(1008, 4200.00, '2025-05-01'),
(1009, 6100.00, '2025-05-01'),
(1010, 3900.00, '2025-05-01'),
(1011, 5800.00, '2025-05-01'),
(1012, 3100.00, '2025-05-01'),
(1013, 2900.00, '2024-01-01');

-- ============================================================
-- 19. PROVENTO
-- ============================================================

select count(*) from tb_provento;

INSERT INTO tb_provento
(fk_id_folha, tipo, valor)
VALUES
(1, 'Vale Alimentacao', 500.00),
(2, 'Bonus Coordenacao', 800.00),
(3, 'Hora Extra', 300.00),
(4, 'Vale Transporte', 250.00),
(5, 'Auxilio Biblioteca', 150.00),
(6, 'Bonus RH', 200.00),
(7, 'Hora Extra', 350.00),
(8, 'Bonus Performance', 900.00),
(9, 'Vale Alimentacao', 500.00),
(10, 'Bonus Docente', 750.00),
(11, 'Vale Transporte', 250.00),
(12, 'Vale Alimentacao', 500.00),
(13, 'Bonus Coordenacao', 850.00),
(14, 'Auxilio Docente', 300.00),
(15, 'Bonus Performance', 1000.00),
(16, 'Hora Extra', 400.00),
(17, 'Vale Transporte', 250.00);

-- ============================================================
-- 20. DESCONTO
-- ============================================================

select count(*) from tb_desconto;

INSERT INTO tb_desconto
(fk_id_folha, tipo, valor)
VALUES
(1, 'INSS', 450.00),
(2, 'INSS', 520.00),
(3, 'INSS', 380.00),
(4, 'INSS', 300.00),
(5, 'INSS', 280.00),
(6, 'INSS', 350.00),
(7, 'INSS', 420.00),
(8, 'INSS', 610.00),
(9, 'INSS', 390.00),
(10, 'INSS', 580.00),
(11, 'INSS', 310.00),
(12, 'INSS', 460.00),
(13, 'INSS', 530.00),
(14, 'INSS', 420.00),
(15, 'INSS', 610.00),
(16, 'INSS', 580.00),
(17, 'INSS', 310.00);

-- ============================================================
-- 21. AFASTAMENTO
-- ============================================================

select count(*) from tb_afastamento;

INSERT INTO tb_afastamento
(fk_n_contratacao, motivo, status, data_inicio, data_fim)
VALUES
(1003, 'Licenca medica', 'Concluído', '2024-10-01', '2024-10-15'),
(1004, 'Afastamento administrativo', 'Concluído', '2024-11-05', '2024-11-10'),
(1006, 'Licenca familiar', 'Em_Andamento', '2025-04-01', NULL),
(1008, 'Licenca medica curta', 'Concluído', '2025-03-10', '2025-03-12'),
(1009, 'Afastamento por evento academico', 'Concluído', '2025-04-20', '2025-04-25'),
(1011, 'Licenca medica', 'Em_Andamento', '2025-05-15', NULL),
(1012, 'Afastamento administrativo', 'Concluído', '2025-02-01', '2025-02-05');

-- ============================================================
-- 22. TREINAMENTO
-- ============================================================

select count(*) from tb_treinamento;

INSERT INTO tb_treinamento
(fk_n_contratacao, tipo_treinamento, carga_horaria, data_inicio, data_conclusao)
VALUES
(1001, 'Metodologias Ativas', 20, '2025-02-01', '2025-02-10'),
(1002, 'Gestao Escolar', 30, '2025-03-01', '2025-03-20'),
(1003, 'Excel Financeiro', 15, '2025-01-15', '2025-01-25'),
(1004, 'Atendimento ao Aluno', 10, '2025-04-05', '2025-04-06'),
(1007, 'Recrutamento e Selecao', 25, '2025-05-10', NULL),
(1008, 'Didatica para Tecnologia', 18, '2025-06-01', '2025-06-10'),
(1009, 'Power BI Avancado', 24, '2025-06-15', NULL),
(1010, 'Gestao Financeira Escolar', 20, '2025-07-01', '2025-07-12'),
(1011, 'Arquitetura de Software', 30, '2025-05-20', NULL),
(1012, 'Atendimento e Secretaria Escolar', 12, '2025-03-15', '2025-03-20');

-- ============================================================
-- 23. UNIDADE
-- ============================================================

select count(*) from tb_unidade;

INSERT INTO tb_unidade
(pk_id_unidade, nome_unidade, logradouro, num_logradouro, complemento)
VALUES
(1, 'Infinity Centro', 'Rua Principal', '100', '1 andar'),
(2, 'Infinity Norte', 'Avenida Norte', '200', NULL),
(3, 'Infinity Sul', 'Rua Sul', '300', 'Bloco A'),
(4, 'Infinity Leste', 'Avenida Leste', '400', 'Sala 5'),
(5, 'Infinity Oeste', 'Rua Oeste', '500', NULL);

-- ============================================================
-- 24. CURSO
-- ============================================================

select count(*) from tb_curso;

INSERT INTO tb_curso
(pk_id_curso, nome_curso, duracao_meses, idade_min, idade_max)
VALUES
(1, 'Programacao Full Stack', 24, 14, NULL),
(2, 'Design Digital', 18, 12, NULL),
(3, 'Marketing Digital', 12, 14, NULL),
(4, 'Data Analytics', 18, 16, NULL),
(5, 'Cybersecurity', 18, 16, NULL),
(6, 'Inteligencia Artificial', 24, 16, NULL),
(7, 'Games e Criacao Digital', 20, 12, NULL);

-- ============================================================
-- 25. ALUNO
-- ============================================================

select count(*) from tb_aluno;

INSERT INTO tb_aluno
(pk_ra, fk_cpf)
VALUES
('RA0001', '11111111111'),
('RA0002', '22222222222'),
('RA0003', '33333333333'),
('RA0004', '44444444444'),
('RA0005', '55555555555'),
('RA0006', '14141414141'),
('RA0007', '15151515151'),
('RA0008', '16161616161'),
('RA0009', '17171717171'),
('RA0010', '18181818181'),
('RA0011', '23232323232'),
('RA0012', '24242424242'),
('RA0013', '25252525252'),
('RA0014', '26262626262'),
('RA0015', '27272727272');

-- ============================================================
-- 26. DISCIPLINA
-- ============================================================

select count(*) from tb_disciplina;

INSERT INTO tb_disciplina
(pk_fk_id_curso, pk_id_disciplina, disciplina)
VALUES
(1, 1, 'Logica de Programacao'),
(1, 2, 'Banco de Dados'),
(1, 3, 'Desenvolvimento Web'),
(2, 1, 'Design Grafico'),
(2, 2, 'UX UI'),
(3, 1, 'Midias Sociais'),
(3, 2, 'Copywriting'),
(3, 3, 'Trafego Pago'),
(4, 1, 'Excel para Dados'),
(4, 2, 'SQL para Dados'),
(5, 1, 'Fundamentos de Redes'),
(5, 2, 'Seguranca da Informacao'),
(5, 3, 'Pentest Basico'),
(6, 1, 'Python para IA'),
(6, 2, 'Machine Learning'),
(6, 3, 'Etica em IA'),
(7, 1, 'Game Design'),
(7, 2, 'Unity Basico'),
(7, 3, 'Arte para Games');

-- ============================================================
-- 27. TURMA
-- ============================================================

select count(*) from tb_turma;

INSERT INTO tb_turma
(pk_id_turma, fk_n_contratacao, fk_id_curso, fk_id_disciplina, fk_id_unidade, data_inicio, turno)
VALUES
(1, 1001, 1, 1, 1, '2025-02-01', 'Matutino'),
(2, 1001, 1, 2, 1, '2025-03-01', 'Vespertino'),
(3, 1001, 4, 1, 2, '2025-02-10', 'Noturno'),
(4, 1001, 4, 2, 2, '2025-03-10', 'Noturno'),
(5, 1001, 2, 1, 3, '2025-04-01', 'Matutino'),
(6, 1008, 1, 3, 1, '2025-04-15', 'Noturno'),
(7, 1008, 2, 2, 3, '2025-05-01', 'Vespertino'),
(8, 1009, 3, 1, 1, '2025-06-01', 'Matutino'),
(9, 1009, 4, 2, 2, '2025-06-15', 'Noturno'),
(10, 1001, 1, 2, 3, '2025-07-01', 'Matutino'),
(11, 1011, 5, 1, 4, '2025-08-01', 'Noturno'),
(12, 1011, 5, 2, 5, '2025-08-10', 'Vespertino'),
(13, 1009, 6, 1, 2, '2025-09-01', 'Noturno'),
(14, 1009, 6, 2, 4, '2025-09-15', 'Matutino'),
(15, 1008, 7, 1, 5, '2025-10-01', 'Vespertino');

-- ============================================================
-- 28. MATRICULA
-- ============================================================

select count(*) from tb_matricula;

INSERT INTO tb_matricula 
(pk_fk_ra, pk_fk_id_turma, data_matricula, status_matricula, nota1, nota2, nota3, nota4, total_faltas) 
VALUES
('RA0001', 1, '2025-01-10', 'Aprovado', 8.50, 9.00, 9.50, 9.00, 2),
('RA0003', 2, '2025-01-12', 'Aprovado', 7.00, 7.50, 8.00, 8.50, 5),
('RA0005', 3, '2025-01-15', 'Aprovado', 9.50, 10.0, 9.00, 9.50, 1),
('RA0002', 1, '2025-01-10', 'Reprovado', 4.50, 5.00, 3.00, 4.00, 18),
('RA0010', 4, '2025-01-20', 'Reprovado', 5.50, 4.00, 6.00, 5.00, 22),
('RA0007', 5, '2025-01-15', 'Evadido', 3.00, 2.50, NULL, NULL, 35),
('RA0015', 6, '2025-02-01', 'Evadido', 6.00, NULL, NULL, NULL, 40),
('RA0004', 2, '2025-01-18', 'Aprovado', 6.50, 6.00, 7.00, 6.50, 8),
('RA0001', 7, '2026-01-15', 'Cursando', 9.00, NULL, NULL, NULL, 0),
('RA0002', 7, '2026-01-15', 'Cursando', 4.00, NULL, NULL, NULL, 10),
('RA0006', 8, '2026-01-20', 'Cursando', 5.50, NULL, NULL, NULL, 15),
('RA0008', 9, '2026-01-22', 'Cursando', 8.50, NULL, NULL, NULL, 2),
('RA0013', 10, '2026-02-05', 'Trancado', 6.00, NULL, NULL, NULL, 5),
('RA0009', 11, '2026-02-10', 'Cursando', 7.00, NULL, NULL, NULL, 3),
('RA0014', 12, '2026-02-15', 'Cursando', 2.50, NULL, NULL, NULL, 28);

-- ============================================================
-- 29. GRADE_HORARIA
-- ============================================================

select count(*) from tb_grade_horaria;

INSERT INTO tb_grade_horaria
(pk_fk_id_turma, pk_dia_semana, pk_hora_inicio, hora_fim)
VALUES
(1, 'seg', '08:00:00', '10:00:00'),
(1, 'qua', '08:00:00', '10:00:00'),
(2, 'ter', '14:00:00', '16:00:00'),
(2, 'qui', '14:00:00', '16:00:00'),
(3, 'seg', '19:00:00', '21:00:00'),
(4, 'qua', '19:00:00', '21:00:00'),
(5, 'sex', '08:00:00', '11:00:00'),
(6, 'seg', '19:00:00', '21:00:00'),
(6, 'qua', '19:00:00', '21:00:00'),
(7, 'ter', '15:00:00', '17:00:00'),
(7, 'qui', '15:00:00', '17:00:00'),
(8, 'seg', '08:00:00', '10:00:00'),
(8, 'qua', '08:00:00', '10:00:00'),
(9, 'ter', '19:00:00', '21:00:00'),
(9, 'qui', '19:00:00', '21:00:00'),
(10, 'sex', '08:00:00', '11:00:00'),
(11, 'seg', '19:00:00', '21:00:00'),
(11, 'qua', '19:00:00', '21:00:00'),
(12, 'ter', '15:00:00', '17:00:00'),
(12, 'qui', '15:00:00', '17:00:00'),
(13, 'seg', '19:00:00', '21:00:00'),
(13, 'qua', '19:00:00', '21:00:00'),
(14, 'ter', '08:00:00', '10:00:00'),
(14, 'qui', '08:00:00', '10:00:00'),
(15, 'sex', '15:00:00', '18:00:00');

-- ============================================================
-- 30. CONTRATO
-- ============================================================

select count(*) from tb_contrato;

INSERT INTO tb_contrato
(pk_registro_nrcontrato, fk_ra, fk_id_turma, data_inicio, data_fim, status_contrato)
VALUES
(1, 'RA0001', 1, '2025-02-01', '2027-02-01', 'Ativo'),
(2, 'RA0002', 1, '2025-02-01', '2027-02-01', 'Ativo'),
(3, 'RA0003', 2, '2025-03-01', '2027-03-01', 'Ativo'),
(4, 'RA0004', 3, '2025-02-10', '2026-08-10', 'Ativo'),
(5, 'RA0005', 4, '2025-03-10', '2026-09-10', 'Ativo'),
(6, 'RA0001', 2, '2025-03-01', '2027-03-01', 'Ativo'),
(7, 'RA0002', 2, '2025-03-01', '2027-03-01', 'Bloqueado'),
(8, 'RA0003', 6, '2025-04-15', '2027-04-15', 'Ativo'),
(9, 'RA0004', 6, '2025-04-15', '2027-04-15', 'Trancado'),
(10, 'RA0005', 7, '2025-05-01', '2026-11-01', 'Ativo'),
(11, 'RA0006', 6, '2025-04-15', '2027-04-15', 'Ativo'),
(12, 'RA0007', 7, '2025-05-01', '2026-11-01', 'Bloqueado'),
(13, 'RA0008', 8, '2025-06-01', '2026-06-01', 'Ativo'),
(14, 'RA0009', 9, '2025-06-15', '2026-12-15', 'Ativo'),
(15, 'RA0010', 9, '2025-06-15', '2026-12-15', 'Bloqueado'),
(16, 'RA0011', 10, '2025-07-01', '2027-07-01', 'Ativo'),
(17, 'RA0012', 10, '2025-07-01', '2027-07-01', 'Ativo'),
(18, 'RA0013', 11, '2025-08-01', '2027-02-01', 'Ativo'),
(19, 'RA0014', 12, '2025-08-10', '2027-02-10', 'Ativo'),
(20, 'RA0015', 13, '2025-09-01', '2027-09-01', 'Trancado');

-- ============================================================
-- 31. MENSALIDADE
-- ============================================================

select count(*) from tb_mensalidade;

INSERT INTO tb_mensalidade
(pk_nsu, fk_registro_nrcontrato, data_emissao, data_vencimento, valor, status_mensalidade)
VALUES
(1, 1, '2025-05-01', '2025-05-10', 450.00, 'Pago'),
(2, 2, '2025-05-01', '2025-05-10', 450.00, 'Pendente'),
(3, 3, '2025-05-01', '2025-05-10', 500.00, 'Atrasado'),
(4, 4, '2025-05-01', '2025-05-10', 600.00, 'Pago'),
(5, 5, '2025-05-01', '2025-05-10', 600.00, 'Pendente'),

(6, 1, '2025-06-01', '2025-06-10', 450.00, 'Pago'),
(7, 2, '2025-06-01', '2025-06-10', 450.00, 'Atrasado'),
(8, 3, '2025-06-01', '2025-06-10', 500.00, 'Pago'),
(9, 4, '2025-06-01', '2025-06-10', 600.00, 'Pago'),
(10, 5, '2025-06-01', '2025-06-10', 600.00, 'Pendente'),
(11, 6, '2025-06-01', '2025-06-10', 450.00, 'Pago'),
(12, 7, '2025-06-01', '2025-06-10', 450.00, 'Atrasado'),
(13, 8, '2025-06-01', '2025-06-10', 520.00, 'Pago'),
(14, 9, '2025-06-01', '2025-06-10', 520.00, 'Pendente'),
(15, 10, '2025-06-01', '2025-06-10', 480.00, 'Pago'),
(16, 11, '2025-06-01', '2025-06-10', 520.00, 'Pago'),
(17, 12, '2025-06-01', '2025-06-10', 480.00, 'Atrasado'),

(18, 13, '2025-07-01', '2025-07-10', 500.00, 'Pago'),
(19, 14, '2025-07-01', '2025-07-10', 600.00, 'Pendente'),
(20, 15, '2025-07-01', '2025-07-10', 600.00, 'Atrasado'),
(21, 16, '2025-07-01', '2025-07-10', 450.00, 'Pago'),
(22, 17, '2025-07-01', '2025-07-10', 450.00, 'Pago'),
(23, 1, '2025-07-01', '2025-07-10', 450.00, 'Pago'),
(24, 2, '2025-07-01', '2025-07-10', 450.00, 'Atrasado'),
(25, 3, '2025-07-01', '2025-07-10', 500.00, 'Pendente'),
(26, 8, '2025-07-01', '2025-07-10', 520.00, 'Pago'),
(27, 11, '2025-07-01', '2025-07-10', 520.00, 'Pago'),
(28, 12, '2025-07-01', '2025-07-10', 480.00, 'Atrasado'),

(29, 18, '2025-08-01', '2025-08-10', 700.00, 'Pago'),
(30, 19, '2025-08-01', '2025-08-10', 700.00, 'Pendente'),
(31, 20, '2025-08-01', '2025-08-10', 750.00, 'Atrasado');

-- ============================================================
-- 32. INADIMPLENCIA
-- ============================================================

select count(*) from tb_inadimplencia;

INSERT INTO tb_inadimplencia
(fk_nsu, data_registro, multa, juros)
VALUES
(3, '2025-05-15', 20.00, 5.00),
(7, '2025-06-15', 18.00, 6.00),
(12, '2025-06-15', 18.00, 6.00),
(17, '2025-06-15', 19.20, 7.00),
(20, '2025-07-15', 24.00, 8.00),
(24, '2025-07-15', 18.00, 6.50),
(28, '2025-07-15', 19.20, 7.20),
(31, '2025-08-15', 30.00, 10.00);

-- ============================================================
-- 33. PRODUTO
-- ============================================================

select count(*) from tb_produto;

INSERT INTO tb_produto
(pk_id_produto, nome_produto)
VALUES
(1, 'Notebook'),
(2, 'Mouse'),
(3, 'Teclado'),
(4, 'Monitor'),
(5, 'Cadeira'),
(6, 'Mesa'),
(7, 'Projetor'),
(8, 'Headset'),
(9, 'Licenca Software'),
(10, 'Roteador'),
(11, 'Quadro Branco'),
(12, 'Webcam'),
(13, 'HD Externo'),
(14, 'Cabo HDMI'),
(15, 'Material Grafico');

-- ============================================================
-- 34. FORNECEDOR
-- ============================================================

select count(*) from tb_fornecedor;

INSERT INTO tb_fornecedor (pk_cnpj, razao_social, nome_fantasia)
VALUES
('11111111000111', 'Tech Solucoes LTDA', 'Tech Solucoes'),
('22222222000122', 'Moveis Escola LTDA', 'Moveis Escola'),
('33333333000133', 'Info Brasil LTDA', 'Info Brasil'),
('44444444000144', 'Software Prime LTDA', 'Software Prime'),
('55555555000155', 'Escritorio Total LTDA', 'Escritorio Total'),
('66666666000166', 'Grafica Rapida LTDA', 'Grafica Rapida');

-- ============================================================
-- 35. FORNECEDOR_EMAIL
-- ============================================================

select count(*) from tb_fornecedor_email;

INSERT INTO tb_fornecedor_email (pk_fk_email, pk_fk_cnpj)
VALUES
('contato@techsolucoes.com', '11111111000111'),
('vendas@moveisescola.com', '22222222000122'),
('atendimento@infobrasil.com', '33333333000133'),
('financeiro@softwareprime.com', '44444444000144'),
('vendas@escritoriototal.com', '55555555000155'),
('contato@graficarapida.com', '66666666000166');

-- ============================================================
-- 36. FORNECEDOR_TELEFONE
-- ============================================================

select count(*) from tb_fornecedor_telefone;

INSERT INTO tb_fornecedor_telefone (pk_fk_num_pais,pk_fk_ddd, pk_fk_numero, pk_fk_cnpj)
VALUES
('55', '11', '999990000', '11111111000111'),
('55', '11', '988880000', '22222222000122'),
('55', '11', '977770000', '33333333000133'),
('55', '11', '966660000', '44444444000144'),
('55', '11', '955550000', '55555555000155'),
('55', '11', '944440000', '66666666000166');

-- ============================================================
-- 37. COMPRA
-- ============================================================

select count(*) from tb_compra;

INSERT INTO tb_compra
(pk_nfe, fk_cnpj)
VALUES
('11111111111111111111111111111111111111111111', '11111111000111'),
('22222222222222222222222222222222222222222222', '22222222000122'),
('33333333333333333333333333333333333333333333', '33333333000133'),
('44444444444444444444444444444444444444444444', '44444444000144'),
('55555555555555555555555555555555555555555555', '55555555000155'),
('66666666666666666666666666666666666666666666', '66666666000166');

-- ============================================================
-- 38. SERVICO
-- ============================================================

select count(*) from tb_servico;

INSERT INTO tb_servico
(pk_id_servico, desc_servico, valor_servico, fk_cpf, data_hora)
VALUES
(1, 'Manutencao eletrica', 800.00, '88888888888', '2025-05-07 09:00:00'),
(2, 'Consultoria pedagogica', 1200.00, '77777777777', '2025-05-08 14:30:00'),
(3, 'Limpeza especializada', 600.00, '10101010101', '2025-05-09 08:00:00'),
(4, 'Treinamento corporativo', 2500.00, '19191919191', '2025-06-12 10:00:00'),
(5, 'Manutencao de rede', 950.00, '20202020202', '2025-06-18 09:30:00'),
(6, 'Consultoria financeira', 1800.00, '21212121212', '2025-07-03 15:00:00'),
(7, 'Manutencao predial', 1300.00, '31313131313', '2025-07-08 08:00:00'),
(8, 'Suporte audiovisual', 700.00, '32323232323', '2025-07-18 13:30:00'),
(9, 'Palestra de carreira', 1600.00, '34343434343', '2025-08-05 19:00:00');

-- ============================================================
-- 39. CONTA_PAGAR
-- ============================================================

select count(*) from tb_conta_pagar;

INSERT INTO tb_conta_pagar
(fk_nfe, fk_id_servico, data_pagamento, data_vencimento)
VALUES
('11111111111111111111111111111111111111111111', NULL, '2025-05-05', '2025-05-15'),
('22222222222222222222222222222222222222222222', NULL, '2025-05-06', '2025-05-16'),
(NULL, 1, '2025-05-07', '2025-05-17'),
(NULL, 2, '2025-05-08', '2025-05-18'),
('33333333333333333333333333333333333333333333', NULL, '2025-05-10', '2025-05-20'),
('44444444444444444444444444444444444444444444', NULL, '2025-06-15', '2025-06-25'),
('55555555555555555555555555555555555555555555', NULL, '2025-06-20', '2025-06-30'),
('66666666666666666666666666666666666666666666', NULL, '2025-07-02', '2025-07-12'),
(NULL, 4, '2025-06-12', '2025-06-22'),
(NULL, 5, '2025-06-18', '2025-06-28'),
(NULL, 6, '2025-07-03', '2025-07-13'),
(NULL, 7, '2025-07-08', '2025-07-18'),
(NULL, 8, '2025-07-18', '2025-07-28'),
(NULL, 9, '2025-08-05', '2025-08-15');

-- ============================================================
-- 40. ITEM_COMPRA
-- ============================================================

select count(*) from tb_item_compra;

INSERT INTO tb_item_compra
(pk_fk_nfe, pk_fk_id_produto, valor_unitario, qtd)
VALUES
('11111111111111111111111111111111111111111111', 1, 3500.00, 5),
('11111111111111111111111111111111111111111111', 2, 80.00, 10),
('11111111111111111111111111111111111111111111', 3, 120.00, 10),
('22222222222222222222222222222222222222222222', 5, 700.00, 15),
('22222222222222222222222222222222222222222222', 6, 900.00, 10),
('33333333333333333333333333333333333333333333', 4, 1200.00, 6),
('33333333333333333333333333333333333333333333', 7, 2500.00, 2),
('44444444444444444444444444444444444444444444', 9, 1200.00, 20),
('44444444444444444444444444444444444444444444', 10, 350.00, 6),
('44444444444444444444444444444444444444444444', 12, 220.00, 10),
('55555555555555555555555555555555555555555555', 8, 180.00, 25),
('55555555555555555555555555555555555555555555', 11, 450.00, 8),
('55555555555555555555555555555555555555555555', 13, 390.00, 5),
('66666666666666666666666666666666666666666666', 14, 35.00, 30),
('66666666666666666666666666666666666666666666', 15, 120.00, 50);

-- ============================================================
-- 41. CONTA_RECEBER
-- ============================================================

select count(*) from tb_conta_receber;

INSERT INTO tb_conta_receber
(pk_id_conta_receber, fk_nsu, data_prevista, data_recebimento)
VALUES
(1, 1, '2025-05-10', '2025-05-09'),
(2, 2, '2025-05-10', NULL),
(3, 3, '2025-05-10', NULL),
(4, 4, '2025-05-10', '2025-05-10'),
(5, 5, '2025-05-10', NULL),

(6, 6, '2025-06-10', '2025-06-09'),
(7, 7, '2025-06-10', NULL),
(8, 8, '2025-06-10', '2025-06-10'),
(9, 9, '2025-06-10', '2025-06-08'),
(10, 10, '2025-06-10', NULL),
(11, 11, '2025-06-10', '2025-06-09'),
(12, 12, '2025-06-10', NULL),
(13, 13, '2025-06-10', '2025-06-10'),
(14, 14, '2025-06-10', NULL),
(15, 15, '2025-06-10', '2025-06-07'),
(16, 16, '2025-06-10', '2025-06-10'),
(17, 17, '2025-06-10', NULL),

(18, 18, '2025-07-10', '2025-07-09'),
(19, 19, '2025-07-10', NULL),
(20, 20, '2025-07-10', NULL),
(21, 21, '2025-07-10', '2025-07-08'),
(22, 22, '2025-07-10', '2025-07-10'),
(23, 23, '2025-07-10', '2025-07-09'),
(24, 24, '2025-07-10', NULL),
(25, 25, '2025-07-10', NULL),
(26, 26, '2025-07-10', '2025-07-10'),
(27, 27, '2025-07-10', '2025-07-09'),
(28, 28, '2025-07-10', NULL),

(29, 29, '2025-08-10', '2025-08-09'),
(30, 30, '2025-08-10', NULL),
(31, 31, '2025-08-10', NULL);

-- ============================================================
-- 42. PAGAMENTO
-- ============================================================

select count(*) from tb_pagamento;

INSERT INTO tb_pagamento
(fk_id_conta_receber, valor_pago, data_pagamento, forma_pagamento)
VALUES
(1, 450.00, '2025-05-09', 'pix'),
(4, 600.00, '2025-05-10', 'credito'),

(6, 450.00, '2025-06-09', 'pix'),
(8, 500.00, '2025-06-10', 'boleto'),
(9, 600.00, '2025-06-08', 'credito'),
(11, 450.00, '2025-06-09', 'pix'),
(13, 520.00, '2025-06-10', 'debito'),
(15, 480.00, '2025-06-07', 'pix'),
(16, 520.00, '2025-06-10', 'credito'),

(18, 500.00, '2025-07-09', 'pix'),
(21, 450.00, '2025-07-08', 'dinheiro'),
(22, 450.00, '2025-07-10', 'credito'),
(23, 450.00, '2025-07-09', 'boleto'),
(26, 520.00, '2025-07-10', 'pix'),
(27, 520.00, '2025-07-09', 'debito'),

(29, 700.00, '2025-08-09', 'pix');
